{"img3.jpg": [[0.0, 191.67864990234375, 312.79193115234375, 278.34503173828125, 350.913818359375, 0.9998637437820435, 0.9996494054794312, 2.0], [0.0, 299.84307861328125, 314.2122497558594, 414.62225341796875, 361.3941345214844, 0.9995875954627991, 0.996038556098938, 2.0], [0.0, 143.02806091308594, 312.42791748046875, 211.4009552001953, 339.635986328125, 0.9959112405776978, 0.9769033789634705, 2.0], [0.0, 90.72705078125, 310.7403869628906, 120.65252685546875, 331.0471496582031, 0.9852088689804077, 0.9748498201370239, 2.0], [0.0, 70.25193786621094, 310.4444274902344, 96.084716796875, 327.6211853027344, 0.9834635853767395, 0.9923781156539917, 2.0], [0.0, 113.20182800292969, 307.30908203125, 154.36940002441406, 335.43792724609375, 0.9825494289398193, 0.9531891942024231, 2.0], [0.0, 1.9059805870056152, 309.51531982421875, 9.788057327270508, 323.01397705078125, 0.8629931211471558, 0.9712979793548584, 2.0], [0.0, 11.229568481445312, 296.6704406738281, 71.86312103271484, 340.3193664550781, 0.9940897226333618, 0.5194148421287537, 7.0], [0.0, 316.26654052734375, 126.15878295898438, 339.6275634765625, 175.89456176757812, 0.9514049887657166, 0.9997698664665222, 9.0]], "img4.jpg": [[1.0, 133.18943786621094, 272.44732666015625, 219.4263458251953, 357.90240478515625, 0.9551406502723694, 0.9977012276649475, 56.0], [1.0, 2.7934799194335938, 255.05360412597656, 57.00633239746094, 363.499755859375, 0.8195604681968689, 0.8763207793235779, 56.0], [1.0, 216.43951416015625, 242.47901916503906, 260.09820556640625, 318.39306640625, 0.8160542845726013, 0.9959503412246704, 56.0], [1.0, 379.1663513183594, 178.5001983642578, 394.0445861816406, 190.88807678222656, 0.6072213649749756, 0.9995173215866089, 74.0]], "giraffe.jpg": [[2.0, 203.77886962890625, 166.77975463867188, 350.14044189453125, 362.2201843261719, 0.9185835719108582, 0.9847399592399597, 22.0], [2.0, 129.63804626464844, 32.25315856933594, 361.44781494140625, 362.0511474609375, 0.9974216222763062, 0.9691357016563416, 23.0]], "img2.jpg": [[3.0, 181.30984497070312, 164.68832397460938, 244.39654541015625, 245.7559814453125, 0.9877370595932007, 0.9916452765464783, 6.0]], "dog.jpg": [[4.0, 65.5293197631836, 113.92733001708984, 307.865478515625, 291.4324035644531, 0.9927379488945007, 0.9993740916252136, 1.0], [4.0, 255.48008728027344, 98.6730728149414, 375.89404296875, 144.5452880859375, 0.9983786344528198, 0.5874528288841248, 7.0], [4.0, 68.6143798828125, 162.33151245117188, 174.2803955078125, 343.8827209472656, 0.9994646906852722, 0.9597600698471069, 16.0]], "herd_of_horses.jpg": [[5.0, 128.52093505859375, 166.98597717285156, 236.47186279296875, 266.95001220703125, 0.9945924878120422, 0.9988419413566589, 17.0], [5.0, 4.360809326171875, 169.78366088867188, 173.8595733642578, 298.27935791015625, 0.9938018918037415, 0.9895681738853455, 17.0], [5.0, 238.8550262451172, 181.8542938232422, 320.4816589355469, 255.8390350341797, 0.9855014681816101, 0.7396754026412964, 17.0], [5.0, 3.871654510498047, 165.6512451171875, 83.94416809082031, 263.4052734375, 0.8333940505981445, 0.9826802611351013, 17.0]], "scream.jpg": 0, "person.jpg": [[7.0, 123.8175277709961, 117.76325225830078, 178.8040008544922, 334.1544494628906, 0.9998223185539246, 0.9999864101409912, 0.0], [7.0, 40.468231201171875, 242.7944793701172, 134.87503051757812, 296.9869689941406, 0.9988942742347717, 0.9943713545799255, 16.0], [7.0, 257.7732238769531, 152.94583129882812, 392.5612487792969, 289.9202575683594, 0.9964402318000793, 0.9780095815658569, 17.0]], "messi.jpg": [[8.0, 7.885772705078125, 95.08936309814453, 266.09844970703125, 323.339111328125, 0.9990204572677612, 0.9999570846557617, 0.0], [8.0, 387.3411560058594, 243.16787719726562, 415.0497741699219, 314.2370910644531, 0.9989427924156189, 0.9997838139533997, 0.0], [8.0, 201.165283203125, 128.57395935058594, 360.13421630859375, 325.15960693359375, 0.9980802536010742, 0.9999327659606934, 0.0]], "eagle.jpg": [[9.0, 74.82247161865234, 112.58992004394531, 322.64227294921875, 310.1661376953125, 0.9998700618743896, 0.997700035572052, 14.0]], "img1.jpg": [[10.0, 66.58599853515625, 18.0238037109375, 368.9878234863281, 411.7863464355469, 0.9998663663864136, 0.9983620047569275, 0.0], [10.0, 108.04766845703125, 194.165771484375, 219.37698364257812, 301.6029052734375, 0.9444922208786011, 0.9414388537406921, 16.0]]}