{"img3.jpg": [[0.0, 191.67868041992188, 312.79193115234375, 278.3450012207031, 350.913818359375, 0.9998637437820435, 0.9996494054794312, 2.0], [0.0, 299.84307861328125, 314.2121887207031, 414.622314453125, 361.3941345214844, 0.9995875954627991, 0.9960386753082275, 2.0], [0.0, 143.02804565429688, 312.42791748046875, 211.40097045898438, 339.635986328125, 0.9959112405776978, 0.9769033193588257, 2.0], [0.0, 90.72705841064453, 310.7403869628906, 120.65253448486328, 331.0471496582031, 0.9852088689804077, 0.9748499393463135, 2.0], [0.0, 70.25193786621094, 310.4444274902344, 96.084716796875, 327.6211853027344, 0.9834635853767395, 0.9923781156539917, 2.0], [0.0, 113.20182800292969, 307.3091125488281, 154.36940002441406, 335.4378967285156, 0.9825495481491089, 0.9531891942024231, 2.0], [0.0, 1.9059836864471436, 309.51531982421875, 9.788056373596191, 323.01397705078125, 0.8629935383796692, 0.9712979793548584, 2.0], [0.0, 11.229583740234375, 296.67047119140625, 71.86312866210938, 340.31939697265625, 0.9940897226333618, 0.5194140076637268, 7.0], [0.0, 316.26654052734375, 126.15878295898438, 339.6275634765625, 175.89456176757812, 0.9514051675796509, 0.9997698664665222, 9.0]], "img4.jpg": [[1.0, 133.18942260742188, 272.44732666015625, 219.42630004882812, 357.90240478515625, 0.9551401138305664, 0.9977012276649475, 56.0], [1.0, 2.7934818267822266, 255.0535888671875, 57.00633239746094, 363.499755859375, 0.8195586204528809, 0.8763195276260376, 56.0], [1.0, 216.43951416015625, 242.47901916503906, 260.09820556640625, 318.39306640625, 0.8160542845726013, 0.9959503412246704, 56.0], [1.0, 379.16632080078125, 178.5001983642578, 394.04461669921875, 190.88807678222656, 0.6072219014167786, 0.9995173215866089, 74.0]], "giraffe.jpg": [[2.0, 203.77883911132812, 166.77976989746094, 350.1404724121094, 362.22021484375, 0.9185843467712402, 0.9847400784492493, 22.0], [2.0, 129.6379852294922, 32.253173828125, 361.4478759765625, 362.0511779785156, 0.9974216222763062, 0.9691354632377625, 23.0]], "img2.jpg": [[3.0, 181.30984497070312, 164.68832397460938, 244.39654541015625, 245.7559814453125, 0.9877370595932007, 0.9916451573371887, 6.0]], "dog.jpg": [[4.0, 65.52928924560547, 113.92732238769531, 307.86553955078125, 291.432373046875, 0.9927380681037903, 0.9993740916252136, 1.0], [4.0, 255.48013305664062, 98.67306518554688, 375.8940124511719, 144.5452880859375, 0.9983786344528198, 0.5874531865119934, 7.0], [4.0, 68.61438751220703, 162.33154296875, 174.2803955078125, 343.8826904296875, 0.9994646906852722, 0.9597602486610413, 16.0]], "herd_of_horses.jpg": [[5.0, 128.5209503173828, 166.98597717285156, 236.4718475341797, 266.95001220703125, 0.9945924878120422, 0.9988419413566589, 17.0], [5.0, 4.3607940673828125, 169.78372192382812, 173.85960388183594, 298.2793273925781, 0.9938018918037415, 0.9895681738853455, 17.0], [5.0, 238.85507202148438, 181.8542938232422, 320.4816589355469, 255.8390350341797, 0.9855014681816101, 0.7396766543388367, 17.0], [5.0, 3.8716468811035156, 165.65127563476562, 83.94422912597656, 263.4053039550781, 0.8333927392959595, 0.9826802611351013, 17.0]], "scream.jpg": 0, "person.jpg": [[7.0, 123.8175277709961, 117.76325988769531, 178.80398559570312, 334.1544189453125, 0.9998223185539246, 0.9999864101409912, 0.0], [7.0, 40.46822738647461, 242.7944793701172, 134.87503051757812, 296.9869689941406, 0.9988942742347717, 0.994371235370636, 16.0], [7.0, 257.7732238769531, 152.94581604003906, 392.5612487792969, 289.9202880859375, 0.9964402318000793, 0.9780095815658569, 17.0]], "messi.jpg": [[8.0, 7.8856658935546875, 95.08937072753906, 266.09857177734375, 323.339111328125, 0.9990204572677612, 0.9999570846557617, 0.0], [8.0, 387.3411560058594, 243.16787719726562, 415.0497741699219, 314.2370910644531, 0.9989427924156189, 0.9997838139533997, 0.0], [8.0, 201.16531372070312, 128.573974609375, 360.1342468261719, 325.1595764160156, 0.9980802536010742, 0.9999327659606934, 0.0]], "eagle.jpg": [[9.0, 74.82241821289062, 112.58999633789062, 322.6423645019531, 310.1660461425781, 0.9998700618743896, 0.997700035572052, 14.0]], "img1.jpg": [[10.0, 66.58604431152344, 18.023834228515625, 368.98779296875, 411.78631591796875, 0.9998663663864136, 0.9983620047569275, 0.0], [10.0, 108.04763793945312, 194.16574096679688, 219.37704467773438, 301.6029052734375, 0.9444928765296936, 0.9414395093917847, 16.0]]}